{"cameraMode":{"drawMode":0,"name":"Shaded","section":"Shading Mode"},"sceneLighting":true,"audioPlay":false,"sceneViewState":{"showFog":true,"showMaterialUpdate":false,"showSkybox":true,"showFlares":true,"showImageEffects":true,"showParticleSystems":true},"in2DMode":false,"pivot":{"x":-0.2771252989768982,"y":-5.621677398681641,"z":4.667472839355469},"rotation":{"x":0.40033358335494997,"y":0.008247191086411477,"z":-0.0036031450144946577,"w":0.9163262844085693},"size":13.944828987121582,"orthographic":false}